{"camID": 0, "K": [[677.4626146754308, 0.0, 330.2149574390919], [0.0, 677.5417607588888, 234.20764983388153], [0.0, 0.0, 1.0]], "dist": [[0.14504468702345388, -1.089717055088745, -0.0015055729875397626, 0.008844441843823013, 2.1755179154882307]], "r": [[[-0.828882374113828], [0.11339030603836896], [0.1793502754843462]], [[-0.7884621139435], [-0.09787050506859436], [0.26151347217162885]], [[0.14696361815944525], [-0.4045985445552717], [0.8211658482133686]], [[-0.7606079897658226], [0.03543465906813089], [0.5147632080901104]], [[-0.7753532239603402], [-0.10248933422142475], [0.47971834346910247]], [[0.06545772129093261], [-0.3172145420650479], [0.8363395216090275]]], "t": [[[-4.792710751617839], [0.45647262843243747], [22.489149477445448]], [[-1.112869637815402], [-0.27190055958164894], [21.917873624667752]], [[-1.143460484405024], [-4.0716900613294085], [17.64938359815799]], [[-4.9935054746356355], [-1.9386306272628067], [22.11536337042359]], [[-0.6706536601609329], [-1.0301644092735305], [21.91274105364889]], [[-2.153536165117353], [-3.0308237177567023], [17.117599681291225]]], "reproj": 0.028851936070958113}