{"camID": 1, "K": [[668.2792149271035, 0.0, 338.75608793334226], [0.0, 667.4732775010289, 230.98983380551385], [0.0, 0.0, 1.0]], "dist": [[0.04894085077411561, 0.5619436366956262, 0.0008553680661257564, 0.007708052367087221, -5.977498879403356]], "r": [[[-0.5104371638566552], [-0.11854902614287322], [0.02897204844048353]], [[-0.318372251561753], [-0.3700892916653876], [0.6120763929704093]], [[-0.5020626386172641], [-0.8252359582546867], [0.408968788707552]], [[-0.45837585117503415], [-0.02275287212172102], [0.7769332854168323]]], "t": [[[-2.9587099018547423], [-1.4284719957227905], [18.512609840293877]], [[-1.4749676977791855], [-3.730245487030878], [15.166633454484348]], [[-1.6057917563780395], [-3.529755922310523], [14.976307979173395]], [[-0.5664318905387306], [-3.5255692798541163], [17.166541662285862]]], "reproj": 0.02909598013424018}