{"camPath": "platform-fc800000.usb-usb-0:1:1.0-video-index0", "K": [[910.5365475091761, 0.0, 791.6743591654216], [0.0, 908.6164661944181, 655.5007629821063], [0.0, 0.0, 1.0]], "dist": [[0.0328199409008288, -0.03850996264091157, -0.0475628480241785, -0.006332468684604579, -0.3993568745134383, -0.0416850305828487, 0.10398616552604911, -0.4611558720826182, 0.003219837853327036, 0.005781688012331412, 0.046885551309915986, 0.00032945712255241723, 0.06296351245853547, 0.003317840556868174]], "r": [[[0.04526622021054401], [-0.15566955596667748], [0.4017852329200403]], [[0.08534739136572055], [0.03020616725815526], [1.403391946872054]], [[0.1400768311853073], [0.026775119292253034], [1.401595308786098]], [[0.0710996416042194], [0.013472209540200602], [1.352117201914746]], [[0.10841567659026245], [0.03034450718691371], [1.466704678769122]], [[-0.40290371284691195], [-0.2671824898487953], [1.277630591841299]], [[0.6159715595652859], [0.6155003769142803], [1.4398167955765608]], [[-0.2635646856838258], [-0.2667685651308964], [1.4063086859424152]], [[0.6668775011288934], [-0.7194582429799039], [1.3329239277995568]], [[0.6691721329438548], [-0.7147191023169842], [1.335833751917706]], [[-0.046742986759106216], [-0.7552788931555925], [1.0025440466695208]], [[0.6829905509206008], [0.1861312666812416], [1.0739926650795113]], [[0.09661340722386794], [-0.5319857448556781], [0.1549664842458296]], [[0.1289372123722526], [0.38444820360146026], [0.23440106339406758]], [[-0.046180622079473765], [-0.3991061339337336], [0.08662349065145215]]], "t": [[[-0.0897599570247519], [-9.217430051936574], [17.725448056498287]], [[4.3769019308432835], [-6.594184972001401], [18.34804182281832]], [[6.37280220855542], [-5.700753204817395], [9.754935353802441]], [[0.32590171276316193], [-4.8073993850967165], [10.434032269180207]], [[-2.0568590008322154], [-5.495205099010244], [12.537889513998168]], [[-1.9689480667071693], [-6.916192470135812], [19.66804549561131]], [[5.04689020592298], [-7.482606582930425], [16.25252762083903]], [[1.1787796766415646], [-7.147563544146546], [21.532627157683674]], [[2.2770007418731035], [-6.968158211191117], [17.849235776750586]], [[2.2752124362039092], [-6.957883022684354], [17.864226775731357]], [[-3.3726273756602576], [-10.614774800181328], [20.30478201527582]], [[3.705046136146294], [-9.698920726875329], [23.129051356053193]], [[-7.182271278005508], [-13.353636264897505], [22.409824557102983]], [[1.0633183443847671], [-9.41070449797267], [20.622653600219436]], [[-6.902719198399483], [-7.4713819525580245], [18.27506157355373]]], "reproj": 0.024976341364765054, "resolution": [1600, 1200]}