{"camPath": "platform-fc800000.usb-usb-0:1:1.0-video-index0", "K": [[1119.7390776117077, 0.0, 643.2722704461252], [0.0, 1159.7998515310892, 361.9853922671329], [0.0, 0.0, 1.0]], "dist": [[0.1025528543619095, 0.3227946060072488, -0.13223717480467928, -0.04345968422967146, 10.476848320253449, -0.06955691740545955, 1.3321686245586764, 12.704038068252054, 0.042187965420487396, -0.13419033692836535, 0.13247959331738435, -0.017758167082087845, 0.20122374567192763, -0.0858023399918667]], "r": [[[-0.38109224642055917], [0.6150046119430361], [1.4861145104268187]]], "t": [[[2.1298307889150783], [-2.725279336957316], [16.91427591721092]]], "reproj": 0.03973065673156971, "resolution": [1280, 720]}