{"camPath": "platform-fc800000.usb-usb-0:1:1.0-video-index0", "K": [[1122.5395983071198, 0.0, 652.1081386309414], [0.0, 1121.6471413501436, 375.1099065452619], [0.0, 0.0, 1.0]], "dist": [[0.1292675918261497, -1.0730463912974135, -0.0010467752902710281, 0.0013166131289572712, 1.963896432104954]], "r": [[[-0.2851686554581166], [0.16667016187979755], [3.040103013554181]], [[-0.16550939240205917], [-0.22718860180647824], [-0.055437282079672766]], [[-0.1521630818224446], [-0.22606277698449598], [-0.02781851152112564]], [[-0.15435489057286822], [-0.2147166716078686], [-0.03312209495974385]], [[-0.151695631894495], [-0.225724939956913], [-0.03482651971763172]], [[-0.16368791591697054], [-0.2193449442247479], [-0.045355617527411886]], [[-0.0635532003156744], [0.2744192020291417], [3.0925028214851586]], [[-0.18198153830014066], [-0.09419529822204059], [-0.024131429951330365]], [[-0.12776220463790544], [0.18199255582490656], [1.4978985940259444]], [[-0.14064445264168737], [0.13232646368085707], [1.4921671924988484]], [[-0.2875663676014995], [0.09102348154668963], [0.05612638619693051]], [[-0.27341054953245025], [0.10214763154203514], [0.06581745743821588]], [[-0.2740475858806044], [-0.05431473799441592], [0.05403595947213276]], [[-0.28248105397941], [-0.09296216427495538], [0.054949545226007035]], [[-0.2834432462899923], [-0.11712912127890643], [0.06546382051578077]], [[-0.28529856196995074], [-0.12307217151823524], [0.007606770089630796]], [[-0.21351223829932964], [-0.28234501416192986], [-0.0427030130416706]], [[-0.1767256851263834], [-0.20979652695512374], [0.03771794560126537]], [[-0.15018958385625697], [-0.2824785328235401], [0.0637135559619737]], [[-0.16937198122412656], [-0.19384667769095937], [0.04944966486780978]], [[-0.1427652086604707], [-0.12483322073702804], [0.04925663166035128]], [[-0.17289658063375235], [0.10336246952895531], [0.02216653970348727]], [[0.046260227660752024], [0.39856404155779157], [3.100620977812269]], [[-0.004554153096903812], [0.34100824441041144], [3.114791422925672]], [[-0.3227507840883034], [-0.019574686998841594], [0.030899454664365514]], [[-0.32377507488791274], [-0.02213347560495349], [0.031214049011004982]], [[-0.36922577168462184], [-0.11861389920112893], [0.017348105413116884]], [[-0.3523788149434532], [-0.10745199278444517], [0.007676233024450083]], [[-0.34275735360171045], [-0.06242402558777368], [0.02957382976606585]], [[0.011812732591389763], [-1.4096953074066962], [-0.07622717661574659]], [[0.6338852149847083], [1.0291832818470996], [1.1910047649018347]], [[-0.9511396094953699], [-0.13003209810989513], [-0.06533074491841687]], [[1.0292693684255927], [-0.19875244791462005], [0.11476256139560977]], [[0.8355861549162338], [-0.13528432693019374], [0.03102862687486295]], [[0.4910137973993514], [-0.9248483668150798], [1.3830797600751839]], [[-0.22987976790939904], [-0.12408002831246752], [-0.06945497296129617]], [[-0.20434517524818016], [-0.15729155033341335], [-0.08090500738348227]], [[-0.20611917485648507], [-0.2228745021707028], [-0.09787201796668804]], [[-0.2540267103353026], [-0.043137953842463245], [-0.032214736464928624]], [[-0.2822622227625191], [-0.10013944389662222], [-0.07522377706580692]], [[-0.5568171277517242], [1.1575654145145624], [2.3636193879641927]], [[0.10488620062395722], [-1.0245107629031553], [0.9643031704956697]], [[-0.012916976522084107], [-0.9675091265487205], [1.358909650038463]], [[-0.07880222368544174], [-0.08129825345895716], [0.034912709847928866]], [[0.4588861190377463], [-0.8538783114155301], [-0.03922282939760258]], [[-0.022192885820334702], [1.287412890178146], [2.5741469581219634]], [[0.7898991714838904], [-0.16198041028532512], [0.050739989556441024]], [[0.6388606805567225], [-0.22519677876183558], [0.05030835857841057]], [[0.6170854892264233], [-0.11250448283016429], [0.035850225759433814]], [[0.5959297241339587], [-0.07515231041209633], [0.06508950902761272]], [[0.5577802684287346], [-0.2333799473241476], [0.11067651206842664]], [[0.5461870390763423], [0.4719509624608724], [0.1982660741573936]], [[0.6118721277489402], [0.3972715568067702], [0.315821212545263]], [[-0.02117458986989767], [-1.3376788331479783], [1.0116198703187549]], [[-0.15217595835591635], [-0.8282023250137057], [1.2438188061136592]], [[0.23715351091531334], [-0.32794694991435425], [0.06265364290468571]], [[0.1292665604664404], [0.8260205046359492], [1.577291039010253]], [[0.1251170408174609], [0.8054079740872887], [1.552184252052917]], [[-0.10734212949471453], [0.9437853067113429], [1.6377882261402112]], [[-0.676939627054856], [-0.5074739965722743], [-0.18024746070290726]], [[-0.44161747023246406], [0.3466563532947606], [1.3717629393866086]], [[0.4361165695941906], [-0.6255429614186812], [-0.202287593591204]], [[-0.18923592600497807], [-0.7257047875484718], [1.3956785696275622]], [[0.17496071522996715], [-0.11898841931992976], [-0.0063872717417203595]], [[0.17115827602017517], [-0.05085727800776568], [-0.015786271595974087]], [[0.27112781224554344], [-0.15949523490957843], [-0.029067262112797553]]],