{"camPath": "Windows0", "K": [[751.6157719029859, 0.0, 260.0379263974913], [0.0, 768.3024497492996, 275.43407583129874], [0.0, 0.0, 1.0]], "dist": [[-0.35159951691441677, 1.1276479928685326, -0.00080676271229815, 0.015285705020876762, -1.5569319664761578]], "r": [[[-0.3628576973864725], [0.4285843000056948], [-3.0654939369528895]]], "t": [[[5.7644191979564665], [2.4158205783070987], [14.146649166421623]]], "reproj": 0.04151807092252657}