{"camPath": "platform-fc800000.usb-usb-0:1:1.0-video-index0", "K": [[1022.1123580224721, 0.0, 640.0356135752214], [0.0, 1028.577231930545, 360.3806518758506], [0.0, 0.0, 1.0]], "dist": [[0.029080945115192047, 0.12545977000185524, -0.06344552719163812, -0.05650900366931294, -1.4505190969808648, -0.026520991234485498, -0.045282024241329814, 2.4851707053467926, 0.0540452987111509, -0.023321160650432594, 0.06635102607977282, 0.017782330202466796, 0.15836692410457276, -0.1095345758731561]], "r": [[[-0.020363375487993295], [-0.42421631034087043], [-0.010670860993315955]]], "t": [[[-3.054077475053525], [-3.2607693682459407], [13.30214371095907]]], "reproj": 0.04290054709812047, "resolution": [1280, 720]}