{"camPath": "Windows0", "K": [[1028.7228351486476, 0.0, 655.1205916475086], [0.0, 1044.1583831027385, 448.55327426212983], [0.0, 0.0, 1.0]], "dist": [[0.19168436438311592, -1.0964342009607322, -0.009109128520258952, 0.002381063095037819, 0.5153778474899794]], "r": [[[-0.284581102676128], [-0.09961401936010043], [-0.03832593873336864]]], "t": [[[-4.630261524197584], [0.8059296885776925], [23.364166889706773]]], "reproj": 0.018414968334709625}