{"camPath": "platform-fc800000.usb-usb-0:1:1.0-video-index0", "K": [[574.4916110069952, 0.0, 401.65625018824693], [0.0, 550.6581213795104, 315.04675947971805], [0.0, 0.0, 1.0]], "dist": [[0.08387578138175794, -0.19939132438289836, -0.032657110071930985, 0.012634358356574345, 0.02644079984801978, -0.08062682873594877, 0.19701657097813233, -0.17483016007165236, -0.024134158152004634, 0.033145618699669886, 0.01673313565637353, 0.016734851579763687, 0.19989497548560106, 0.08170650192825485]], "r": [[[0.02050754773325554], [0.2442545191383109], [-0.006417461452141146]]], "t": [[[3.746972034025724], [-3.535542143238016], [20.054925657314723]]], "reproj": 0.03341662325149493, "resolution": [800, 600]}