{"camPath": "platform-fc800000.usb-usb-0:1:1.0-video-index0", "K": [[880.8467119787185, 0.0, 800.0069045251665], [0.0, 888.7861635134029, 598.7205336124081], [0.0, 0.0, 1.0]], "dist": [[0.022209488062296917, -0.04520883927825338, -0.03610602502099885, -0.05891766964405458, 0.4610552784277786, -0.021431304350543925, 0.0627695258349029, -0.10545785762058374, 0.06344437052364878, -0.01612913670545391, 0.028251381030487077, 1.0787412508629147e-05, 0.02874684763693661, -0.12258825569562627]], "r": [[[0.49299513364280473], [0.16996298351957118], [1.0225863262445691]], [[0.5579017619060301], [0.23125313947000953], [1.0299153938334344]]], "t": [[[-0.1742349424441589], [-1.7071672696937865], [11.42753255559332]], [[-0.08899891304995816], [-1.8324175309496549], [11.839209450196462]]], "reproj": 0.027458408480105778, "resolution": [1600, 1200]}