{"camPath": "platform-fc880000.usb-usb-0:1:1.0-video-index0", "K": [[917.2562496896591, 0.0, 802.6187634545493], [0.0, 919.7790893769591, 659.1228921407361], [0.0, 0.0, 1.0]], "dist": [[1.2449891177912162, 0.17916497315532134, -0.006306001590266081, 0.029305150369986807, 0.7223768254908868, 1.185957537791241, 0.2110992452105785, 0.7678024822029107, -0.029359627847209756, 0.0007974328979348495, 0.004059137980785529, 0.0034261517190479437, -0.007026468299952763, 0.06426901449109758]], "r": [[[-0.061804909204512634], [0.15956259218054403], [1.555390709556391]], [[-0.03556630107386506], [-0.0012294234015203366], [1.5134630157635156]], [[-0.07315278419038003], [-0.08278775488590595], [1.5360485058399362]], [[-0.07681265391202466], [-0.07426385538034248], [1.5344954913346023]], [[-0.08016469635819638], [-0.07222895511571602], [1.5343112540791923]], [[-0.0448528919526637], [-0.6264393093586728], [-0.004323278811346407]], [[0.03716688691207617], [-0.5662987904038689], [-0.004710976196589302]], [[0.2541306893064162], [-0.25256783069689204], [-0.03610163830874106]], [[0.16824376956924053], [-0.2800429579279349], [0.19441849932360272]], [[0.2103074001988925], [-0.7322940838456946], [0.048759505461216913]], [[0.23575758245358377], [-0.5116083029313805], [0.060484973949067614]], [[0.2336656259696814], [-0.5313341404302396], [0.061509821780381724]], [[0.4213481505296606], [0.1065365384835932], [1.5128103009506648]], [[0.4197029942552063], [0.10054224284046837], [1.5172231937172223]], [[0.48221840887296213], [0.17776592046488646], [1.530514431440208]], [[0.43072074816720846], [-0.035730852332254925], [0.00880736126166935]], [[0.4279177300836999], [-0.050432534593220474], [0.008433984324989735]], [[0.42845885584846144], [-0.04788341386871582], [0.005256255899590585]], [[-0.2197302497949186], [-0.5432327376259412], [0.26294303522313245]], [[-0.12090923043993257], [0.07524921423126228], [1.509398294516873]], [[-0.12172800727215843], [0.0719502329028807], [1.5034131302320648]], [[-0.1258685770908579], [0.07428561523303633], [1.5029979614281233]], [[-0.14415766427134058], [0.07847583122882815], [1.5037768530806956]], [[-0.12067002234013928], [0.04664040311879924], [1.4866962118738432]], [[-0.1448595785394852], [0.04276221554334672], [1.4808375893234087]], [[-0.13586189278053343], [0.0358373058434596], [1.484815639634296]], [[-0.11491727391531001], [0.06859831483106672], [1.4536021934331653]], [[-0.1226942879471618], [0.06226680410476568], [1.475808882387812]], [[-0.15125647939072637], [0.010688542069413892], [1.470531014163084]], [[-0.14145559912899205], [-0.02363890271501917], [-0.004107462990139617]], [[-0.036124132503150136], [0.1505406146193125], [1.4868018636042906]], [[-0.055458529636052994], [0.1388251600381441], [1.481517396222345]], [[-0.059821477347616614], [0.13761794970788802], [1.4833799842769615]], [[-0.3604025555720961], [-0.07509208530844455], [0.03076796693229517]], [[-0.3582295273927993], [-0.10523615310360536], [-0.0016915639443111678]], [[-0.3695520835613862], [-0.0462987684215119], [-0.01114455701092696]], [[-0.37142366845493036], [-0.053485712268762274], [-0.010218970007655669]], [[-0.3777901613449014], [0.08400788175397868], [0.04982231292930967]], [[-0.09116191058616288], [0.4681709675792172], [1.542120038108859]], [[-0.16357185689953843], [-0.32079807305383157], [0.14494161918151358]], [[-0.15729628304376228], [-0.2795941600767749], [0.15887770166846274]], [[-0.13834935347275032], [-0.21790251976385203], [0.10430186098216687]], [[-0.15299484553645884], [-0.29477265205477987], [0.017349612993995726]], [[-0.13760285750302859], [-0.2818397909329862], [0.012192986625605659]], [[-0.12827466838529247], [-0.19103945370732517], [0.00535295497954178]], [[-0.12503125800610299], [-0.18833736162744913], [0.005463789597060488]], [[-0.12696662009442472], [-0.19372936707114935], [0.007815892508102485]], [[-0.0037861361557006367], [0.023588377520291724], [1.5401618532294037]], [[-0.010303835250028794], [3.6840721611255294e-05], [1.4972608711015127]], [[-0.01454518190446863], [0.007853446056218173], [1.5043560851867581]], [[-0.0826631534675591], [-0.7525003193616386], [0.23794288117006349]], [[-0.34660119378620763], [0.4063761803218778], [-1.3698964059999812]], [[0.3384878774085477], [0.39111391476187657], [1.683719259805145]], [[0.7275498124635998], [-0.9764745162166076], [0.5788686534380212]], [[0.9334801121226155], [-0.19819894633731264], [0.2695662624557587]], [[0.0015185755991139226], [-0.9990770711443376], [1.245974989674174]], [[0.003801185482562867], [-0.9984341477459227], [1.2450985851272132]], [[-0.0004796688770563643], [-0.9916185096644212], [1.2456537282235993]], [[0.87260453179942], [-0.18713276769310488], [1.3319384919133217]], [[0.5170065299953563], [-0.3002779131810658], [0.0817696351521759]], [[0.5107490628227651], [-0.31280838377324555], [0.08280248616477633]], [[0.5172516650281779], [-0.6821220057670973], [0.032625880729388684]], [[0.5180109093511709], [-0.6901816586014066], [0.025162250089408717]], [[0.5167332758778215], [-0.6898306209603892], [0.025056077562675083]]],