{"camPath": "Windows0", "K": [[597.7073438151791, 0.0, 317.86931566968684], [0.0, 601.826938931293, 245.8316016542063], [0.0, 0.0, 1.0]], "dist": [[-0.0823472761353696, 0.46086607983389705, -0.053496362794293914, -0.020280978594960905, -0.5867792293184232, 0.13925768172114528, -0.518271567619384, 1.0853416134529943, 0.02549592623229614, -0.00992269840030061, 0.0618665611696721, -0.020668274403494374, 0.07663132543721103, -0.06709071684242049]], "r": [[[0.20827481061236702], [0.10223262011212325], [1.4465795713856915]]], "t": [[[6.504700741223294], [-3.8374194253399216], [16.458952438566417]]], "reproj": 0.012616934193513465}