{"camPath": "platform-fc800000.usb-usb-0:1:1.0-video-index0", "K": [[948.0128126528173, 0.0, 661.9182791605961], [0.0, 977.1596621406619, 415.60070267887255], [0.0, 0.0, 1.0]], "dist": [[0.021429818594893835, 0.2372119112301699, -0.020271480139805346, 0.06486290509084688, 3.4017833343380093, -0.05615330491640371, 0.5925167832091828, 3.091356991980054, -0.06196456832629085, 0.007037241765634232, 0.024426192297365423, -0.018288510238923292, -0.04011762088528507, 0.13420393380545248]], "r": [[[-0.1525627130285379], [0.3969499342918651], [1.4850543889220027]], [[-0.3773369404959945], [-0.04190573110323033], [0.029669739651301867]], [[-0.1447643817477399], [0.31973149469978085], [1.509461743694256]], [[-0.2643583498361609], [0.29955725522635546], [1.5146919598266555]]], "t": [[[1.7200643709287324], [-2.1200762402802984], [14.849229015315947]], [[-0.5635054108256379], [-2.5219190333501698], [14.169517664203921]], [[1.0768286592560083], [-2.894450965966164], [14.55893120064245]], [[1.4815772445729032], [-1.9880818171768706], [13.744794839964408]]], "reproj": 0.03452354341054341, "resolution": [1280, 800]}