{"camPath": "platform-fc800000.usb-usb-0:1:1.0-video-index0", "K": [[931.2669152475651, 0.0, 322.01633730742867], [0.0, 1380.839438808212, 247.27687410256775], [0.0, 0.0, 1.0]], "dist": [[-0.0018901302918138225, 2.9088043206058294, -0.29702533687113647, 0.09521495615307542, 0.031368882325667896, -0.0101985427664166, -2.5526127075661487, 36.929341379743, -0.047761194197675286, -0.42129048151153753, 0.29198211726155887, 0.032952807930534796, 0.37500539742753614, 0.30151763638145374]], "r": [[[-0.9372754133427484], [-0.30394718353529976], [0.04421185600148639]], [[-0.9227521688960719], [-0.22375081031664484], [0.0749824375397685]]], "t": [[[-3.148202394407065], [-1.5710051958393458], [22.390010723560263]], [[-4.145376282811051], [-1.8229935839549412], [22.35380350628521]]], "reproj": 0.18790927482247724, "resolution": [640, 480]}