{"camPath": "platform-fc800000.usb-usb-0:1:1.0-video-index0", "K": [[1121.0720711631313, 0.0, 615.5680499564403], [0.0, 1122.209957170915, 388.78106362694854], [0.0, 0.0, 1.0]], "dist": [[0.11905771397841408, -0.9356347660216575, -0.003413174324200964, -0.00017169584740382983, 1.6735647205574302]], "r": [[[0.612484276806776], [0.19222434695021648], [1.5210296793163733]], [[0.3380641648921924], [0.5995394357645673], [0.10304366669787844]], [[-0.0403706359312921], [0.458063852074718], [-1.5142920444513477]], [[0.312505628034911], [0.2356675850108473], [0.09464698054915831]], [[0.279687776107154], [0.18922755695885013], [-0.009513522886637071]], [[0.052023189630976796], [-0.20817425607760062], [1.5438118398380338]], [[0.23146947613843163], [-0.23306267102433464], [1.5410867160496478]], [[0.267318179428126], [0.16297927451992852], [0.06969625216953028]], [[0.2791437673904486], [0.1694154138634601], [0.09636338540146262]], [[0.22728148254720387], [0.030347970730430635], [0.026335722800526734]], [[-0.07847985167032664], [-0.030230533918217745], [-0.015194199907734064]], [[0.40123265222614246], [-0.46773324948867356], [1.5181823609729899]], [[-0.18773422614887153], [0.289803172778213], [1.543453036987053]], [[0.265940060200466], [0.8058981309877441], [0.14097061339044445]], [[0.2940201296680663], [0.8704325728298973], [0.14386575033849663]], [[0.2700943858418453], [0.8137633114351458], [0.13225681485489998]], [[0.6939526495195282], [-0.8373878536758298], [1.4119793341187832]], [[0.7132952765987561], [-0.7512971963227585], [1.4136568730389363]], [[-0.21147440716772015], [0.7880369892057417], [0.35060599609331894]], [[-0.5602024065797386], [-0.6638908771460047], [-0.5267577338826039]]], "t": [[[5.176022706913465], [-3.7104869009089065], [15.128398140375994]], [[-2.597490677604358], [-4.227443556208565], [18.386838544955864]], [[-3.8231365946962312], [2.2497904994834457], [17.916925768366166]], [[-7.508198438684676], [-5.309633212723586], [17.941124754804182]], [[-5.246008074986896], [-0.655456409108592], [17.190958059321044]], [[5.225951130292126], [-1.1279639956545582], [16.024812209567383]], [[8.28652253372655], [-0.7854688256702966], [15.712671566180948]], [[-7.16137373444979], [-1.8074067128986884], [17.57187050684079]], [[-7.177451654903714], [-1.8579461967588193], [17.706343742033056]], [[-3.26408133203307], [-2.4280707609742676], [12.694564002256792]], [[-0.026416874919856385], [-2.2535005373143746], [12.56858407387124]], [[1.3844202405605437], [-2.637820290158289], [10.085238298978835]], [[0.37098053378085166], [-2.23144151487359], [15.182452252541417]], [[-2.317566229613315], [-4.5929868426768286], [15.611875604452226]], [[-5.186203649355891], [-4.565361112160041], [15.44837400532919]], [[1.9690893518558277], [-4.337797457658025], [17.29768184999863]], [[4.1966198712346525], [-1.0617920063836985], [10.523613968828062]], [[3.208254379926311], [-1.4850163399847973], [8.0398213226023]], [[1.9022942609803115], [-4.2738223786830005], [14.951329498433712]], [[-4.120011163389071], [-2.0526676772456263], [10.848227523890571]]], "reproj": 0.05202500115398588}