{"camPath": "platform-fc800000.usb-usb-0:1:1.0-video-index0", "K": [[1035.9209960473697, 0.0, 816.0271557293976], [0.0, 949.4462519238676, 616.4392333101355], [0.0, 0.0, 1.0]], "dist": [[0.049607124128353976, -0.11274606349097341, -0.05482673265991741, -0.01093117013587358, 0.08518365313016169, -0.035185690458297066, 0.05428022314965232, -0.05727627581293277, 0.02503255060210897, -0.03094144460937498, 0.05682528100320287, 0.04272835477889612, 0.13798034225264325, -0.043589252956462245]], "r": [[[0.32975042185282405], [0.8961585827073365], [1.5574713726105336]]], "t": [[[4.652194499032827], [-6.514562827343697], [14.004482296648773]]], "reproj": 0.023084039090594997, "resolution": [1600, 1200]}