{"camPath": "platform-fc880000.usb-usb-0:1:1.0-video-index0", "K": [[1128.8926513746592, 0.0, 656.7419216598444], [0.0, 1126.500134073395, 381.5030822831128], [0.0, 0.0, 1.0]], "dist": [[-4.926456839329509, 18.916189733783938, 0.04085926926563024, 0.01133698200676475, 9.27324865509952, -5.029621186769151, 19.745805074113196, 7.773624001732142, -0.010961347519662878, -0.001467235912561754, -0.04677052558964913, 0.014977741561111342, -0.07318603692682255, 0.015224929483789066]], "r": [[[0.07057563920617037], [0.2268223468132178], [-0.015762474898646975]], [[0.06030864044015398], [0.4428353158391383], [0.008839316810152348]], [[0.08792047816250124], [0.4715023833863125], [0.0110751170738004]], [[0.7105985441158796], [-0.7264418574508107], [1.4248868561861858]], [[0.9863984261100182], [-0.06917831889020548], [0.0043608358451878385]], [[1.000982934015642], [-0.08322125409257618], [0.012419700203268214]], [[0.8748100074135502], [-0.06633294130243406], [0.069041444250322]], [[0.8535794815277021], [-0.008989174429698378], [0.03598930204902187]], [[0.8175575320663903], [0.08050448087001152], [-0.007194741937537447]], [[0.7736353670273501], [0.07050745338799301], [-0.015395361806134931]], [[0.6198165341233115], [-0.6175852435922858], [1.459208865091711]], [[0.5484954731528258], [-0.7171618474274545], [1.4657448035142748]], [[0.3253562949953579], [-0.07425617398298891], [-0.01759553153208102]], [[0.351577290229416], [-0.09753847585619257], [-0.031717038692256096]], [[0.2566930093790014], [-0.015732640604415454], [-0.027800637494814328]], [[0.2517924699821493], [-0.1161258316948515], [-0.02177761949125302]], [[0.2585105586050334], [-0.33141406729851564], [0.014214718292809682]], [[-0.19563815131929665], [-0.20977109968582092], [-0.012785704315654773]], [[-0.14912839905337666], [-0.23044351551361061], [-0.0247613347293328]], [[-0.4007129383712477], [-0.04607320869854664], [0.03265866209446137]], [[-0.39765640241633443], [-0.1015507964926569], [-0.04213518337401625]], [[-0.12758787798557153], [-0.5425971487018019], [0.06937560197851711]], [[-0.14080666675592293], [-0.5009126607030114], [0.05423759650235743]], [[-0.19517952760678428], [-0.16061276104819938], [-0.0023645780300317327]], [[-0.15413112506730045], [0.11207788993927094], [0.025597038153496374]], [[-0.13078324661210533], [0.04300329762199838], [-0.06013396702813971]], [[-0.15535366517113725], [-0.1595297379453207], [-0.06151827364956324]], [[-0.26189890341955707], [-0.1516849464297086], [-0.04244114771244242]], [[-0.05899184047488057], [0.3559547453344243], [1.5817969381489843]], [[-0.8405936045485107], [-0.08593307765539179], [-0.012514189903828918]], [[-0.8618416603806675], [-0.0643621667269606], [0.0015605631304300065]], [[-0.2629484537240855], [0.45489693781388196], [0.08473375923457667]], [[-0.24864949098624006], [0.45657773978355026], [0.0979766804972267]], [[-0.03467467325493141], [0.46022599903922795], [1.462139151835492]], [[-0.8442468734008116], [-0.4947730129266935], [-0.9636313925479679]], [[-0.8795275674402543], [-0.31613837735900885], [-1.0564729567055586]], [[-0.2307575484018388], [1.3028855822680672], [2.567039494755923]], [[-0.6100782589949246], [-0.31729744149348044], [-0.060152181439952976]], [[-0.6092055698181735], [-0.3109369280733818], [-0.06369526541286843]], [[1.0397995992958042], [0.15316713931776785], [-0.1692286853881517]], [[0.30238581768345413], [-0.7495116676840129], [1.203931719350293]], [[0.3583541668828929], [-0.5810693080820646], [-0.14391833033611653]], [[-0.012978961168122676], [-0.74595617674941], [-0.062498145406775174]], [[0.032831779349204115], [-1.093623821095862], [-0.1387604744316365]], [[0.02919416270046396], [-0.9977713698026957], [-0.13265205446204253]], [[0.0033301322593229763], [-0.7731687782901078], [-0.07334437003781795]], [[0.01824216870183886], [-0.6733102899932553], [-0.0514273107053683]], [[0.04391813540204695], [-0.6318304870511648], [-0.03736641088130306]], [[0.04889247508615951], [-0.6069798763813684], [-0.02560802692630623]], [[-0.06422994560724113], [-0.9291045415096905], [-0.2881189050288449]]], "t": [[[-3.244213436132967], [-4.457605943824631], [16.10904668676735]], [[-6.010551453171548], [-4.404317524580028], [16.29804994071426]], [[-7.940910754798916], [-4.291265334152301], [16.685575463555896]], [[4.938092398431733], [-1.613518163715165], [9.294774807936625]], [[-3.7073128105300315], [-2.2716251318123817], [8.47236487441701]], [[-4.421770479330092], [-2.4483114045115624], [8.248343507781321]], [[-4.7168730295731125], [-0.7422936844857217], [9.043486462932037]], [[-3.1473831448882694], [-0.520008208184861], [9.361842127579466]], [[-1.422797309355917], [-0.30860143430847453], [9.798290828154974]], [[-1.2739722184216309], [0.22520229963048582], [9.891826915292384]], [[2.8163017755334936], [0.196709467587247], [9.449507194022257]], [[1.2828956682468073], [-0.08978130634465695], [9.71891650114712]], [[-1.7382064755657132], [-2.252522302838131], [7.953356260660537]], [[-1.845799997874641], [-2.408174211505787], [7.65366577645047]], [[-0.9246017762010759], [-2.377949849196607], [9.978011687901418]], [[-2.285481699781179], [-2.351795114445234], [9.783701817594098]], [[-4.772423188099922], [-2.515211561793896], [8.988943243708741]], [[-1.7699186348648588], [-3.001583796339666], [9.917907497988555]], [[-3.329849693998475], [-3.1036522490265295], [9.443818562004825]], [[-3.1457285666596815], [-3.3244427246683492], [12.6962152619595]], [[-5.2627050485149605], [-3.3563927137364997], [12.170518137043242]], [[-4.638142644686316], [-3.346948874337167], [10.379666662164068]], [[-4.398205600187456], [-3.209205932393912], [10.338432313688912]], [[-3.4110901044072777], [-2.8128288317706804], [14.72320740140495]], [[0.9391803624098825], [-3.911933399433784], [14.14136331383359]], [[-1.8057729307880848], [-3.704566876754194], [13.44609564731749]], [[-5.99870307861317], [-3.4657758061286046], [11.889839905041747]], [[-5.809108057035437], [-2.3204651494329758], [12.192058131572328]], [[5.5634628987296795], [-2.2026764012219493], [11.704711799837908]], [[-3.4790987861688905], [-2.9641051723130976], [12.144108188762464]], [[-3.0065912826572685], [-1.7377810315611095], [11.595439469462368]], [[-1.4903991994363721], [-3.086777805046503], [12.377878190895464]], [[-1.5475007133728436], [-3.216677844995631], [12.12877908804007]], [[0.4500035752799907], [-3.2337241113157713], [10.718410539878214]], [[-4.138778131568898], [-0.07546962841762876], [9.836083460656019]], [[-3.180441468756013], [0.2133096110100554], [9.676964473985551]], [[3.33024559762955], [0.4337103467966144], [7.939953303050311]], [[-4.721320880628637], [-3.13558983543298], [10.980921392008446]], [[-4.570558586693403], [-3.0640464159372334], [10.817650296124807]], [[-2.515302551498043], [-1.7862991195044209], [8.387942247432932]], [[2.644814408589021], [-2.867976748443642], [9.845406308821346]], [[-3.0594225441175884], [-1.961704461366177], [8.339948262963587]], [[-1.2513022019136888], [-3.142095561982483], [10.06619542225589]], [[-4.481504690706753], [-3.1438283115878605], [10.756144243765602]], [[-3.1736091741479115], [-3.14046871522807], [10.561143904024034]], [[-0.11608388946745746], [-2.570589588702817], [11.056857712088282]], [[1.2479079652570049], [-2.7544865256210307], [10.951604565004907]], [[1.827869543646076], [-2.88212534139641], [10.566945264471455]], [[1.5179451391587804], [-2.8413250950565367], [9.846063809205637]], [[-2.807187562155746], [-2.800080178592944], [9.929091633663003]]], "reproj": 0.07495034997141596}