{"camPath": "platform-fc800000.usb-usb-0:1:1.0-video-index0", "K": [[909.3823204091781, 0.0, 798.4106439510127], [0.0, 910.2141370579013, 632.2077408636252], [0.0, 0.0, 1.0]], "dist": [[5.543637474748236, 0.5050609628395127, -0.0066624603450976955, -0.02636395724637081, 3.4295842199969604, 5.492523269178381, 0.2998565780835106, 3.758619389411249, 0.026072796362886397, -0.0003638523491567313, 0.006396570127202944, 0.0020436660456797664, -0.0006367187797721805, -0.0589721188159308]], "r": [[[-0.06798381306883047], [0.45111603315288096], [1.4020893058823554]], [[-0.06208652053332072], [0.43811642376699206], [1.4019740286461244]], [[-0.21824160040844362], [0.23592474362437238], [1.3996288526052834]], [[-0.2170173174473888], [0.2532064758593704], [1.396245066605974]], [[-0.2558232906067719], [0.19721963070513376], [1.4187114042436217]], [[-0.25052131852910686], [0.19573622397815063], [1.4321824428983787]], [[-0.06646720250993833], [0.2865123396418862], [1.4593416730135764]], [[-0.052067385616198884], [0.27760426442119074], [1.4622944195695737]], [[-0.22373843288886874], [0.5106572502237886], [1.4968633372028302]], [[-0.42702334502260314], [0.006689140517038841], [0.03492936084725231]], [[-0.44125092459972487], [0.001690465168491775], [0.030803896460072956]], [[-0.4679217134787308], [-0.0438909450718143], [0.046579427558731505]], [[-0.46630330361480005], [-0.02925496446700329], [0.0410000664671149]], [[-0.4799039125822693], [-0.025774494534896254], [0.03556214138768074]], [[-0.4784173517383047], [-0.023299967810360325], [0.026063266781551603]], [[-0.35038882900907364], [-0.01531811619117441], [0.02574854267568521]], [[-0.3456495806120617], [0.004354065597844557], [0.023992688819085253]], [[-0.34932393175423826], [0.007132695996804976], [0.028976195573723582]], [[-0.11786714681499977], [-0.5523916196803491], [-3.0656623157916445]], [[-0.11879424733005], [-0.5557722482239204], [-3.0716012801510044]], [[-0.20948619125961085], [0.3673152833437545], [1.5226174328922601]], [[-0.21229093295753773], [0.37782732710057665], [1.5202945734566666]], [[-0.21679734486707314], [0.38123401611750257], [1.5149761833789426]], [[-0.15165354924264457], [0.4748272447180409], [1.5299068857884668]], [[-0.15018215119227632], [0.47159937428254767], [1.5357690838039388]], [[-0.07595431166312354], [0.4195507790314091], [1.4705302078184963]], [[-0.21039821157898053], [0.653410960747469], [1.5292297951914087]], [[-0.17630223722569197], [0.45159117007936145], [1.5299704940690477]], [[-0.30252704736800734], [0.03305153401970989], [0.015519746673269205]], [[-0.2991189723920457], [0.030972738334894733], [0.020433992989253004]], [[-0.3053743670876694], [-0.025087636289970853], [0.007749146616622602]], [[-0.3017385866526197], [-0.06033481873599471], [0.02950025393117781]], [[-0.3208833108488034], [-0.09112579747562993], [0.058491161132326885]], [[-0.3224258630047081], [-0.09999976994946187], [0.060382127250887124]], [[-0.3293595555386889], [-0.0983951042464978], [0.06057509216420962]], [[-0.3121036367485413], [-0.16667154900000739], [0.06512607061295853]], [[-0.3238535423535275], [-0.1696522377816855], [0.06581794689187949]], [[-0.10204527043840965], [0.467477716307681], [1.4605117067821436]], [[-0.1042767172344743], [0.16920391342669452], [1.5006887541490017]], [[-0.12807207583627397], [0.22743891928183876], [1.499296142157666]], [[-0.22983559348107507], [0.04224589188889755], [-0.02676640679691452]], [[-0.30320650931788273], [-0.004140289889512139], [0.01807654406856402]], [[-0.3050106415968034], [-0.005692073799721053], [0.015799535786221716]], [[-0.3681439415065382], [-0.09933607436387445], [0.030027371059332078]], [[0.0636627143123515], [-0.15978397670141856], [0.08751468136819196]], [[0.06017819344549962], [-0.16491893029630242], [0.09514423095023067]], [[-0.007458940792497313], [-0.18063238223218767], [0.07465636920902813]], [[0.0019867180841244784], [-0.19215111452332598], [0.07735093008846569]], [[-0.09946186875944651], [-0.15764803502382677], [0.026489304657692996]], [[-0.19014500338029333], [0.29472590504017554], [1.404573040590553]], [[0.3968761777829512], [-0.3778403200113859], [1.3844810651589374]], [[0.38931815657765323], [-0.3781546003072412], [1.3859831587902625]], [[0.2895140375964659], [-0.3310286506053863], [1.5181007216635856]], [[0.3852584821437887], [-0.04873827951752998], [-0.01652213992976066]], [[-0.3501756061930052], [-0.7228345137048702], [-0.00435364100085105]], [[-0.233778127593379], [-0.8034542525501869], [-0.14730555205567436]], [[-0.3964826388173859], [-0.7260958795939645], [-0.09564461377527948]], [[-0.344292039914271], [-0.6171767953620869], [-0.024714920813461508]], [[0.26171951837372776], [0.06283618661048113], [1.2865400791224584]], [[0.2664509589637386], [0.05842145732982063], [1.2898185121635797]], [[0.13671921395072223], [-0.020629827471889354], [1.4431933435775348]], [[0.08246115170123142], [0.20899431075249394], [1.4463300100891872]], [[0.059580607199075736], [0.13222839509804415], [1.5005011299018551]], [[-0.15306647171412857], [0.25569438007917267], [1.5379222299158062]], [[-0.16696751074064442], [0.2788044483578926], [1.5431529631080512]], [[-0.15141275104487426], [0.26500352031431507], [1.5381658538285545]], [[-0.040604072857002044], [0.07488875162992317], [-0.03395941179329786]], [[-0.20197940980494197], [0.2727805051891005], [0.24878986716880822]], [[-0.25481022770782535], [0.2843075865014947], [0.2979947636223816]], [[-0.24989334494102777], [0.27255256497857033], [0.2870068126477396]], [[-0.15932804267277936], [-0.009502965975209767], [0.04039912163493917]], [[-0.1579049167193163], [-0.007075964278342032], [0.044091514749824784]], [[-0.15579434339490214], [-0.04869261511739751], [0.036659666544110285]], [[-0.14497952759568605], [-0.07616293072205813], [0.03939836754902721]], [[-0.07586763860880723], [0.15257933362663437], [1.4709976418782469]], [[-0.06394928369231573], [0.17956442612660592], [1.4760354699084612]], [[-0.06539852604064066], [0.1807553979739173], [1.4742578670961766]], [[0.012895663686445468], [-0.07579546961278692], [0.01418072903031649]], [[0.011359874275312059], [-0.07565616014690732], [0.017909194234600488]], [[0.04508040127862039], [-0.14855323900057657], [0.0290312926437857]], [[0.03878109180537334], [-0.14772012149531946], [0.028988576318273025]], [[0.030110515992625504], [-0.14543640007705727], [1.522237594883796]], [[0.004319375195531386], [-0.13150003263870821], [1.5321744675263629]], [[0.00927832127024011], [-0.13679907141180264], [1.53946562817441]], [[-0.15711912766666175], [-0.2507704203153533], [0.16132369995547335]], [[-0.15127339387584038], [-0.2405841183868313], [0.1548762428565563]], [[-0.26245697613284275], [-0.12682297772843418], [0.13170563886657988]]],