{"camPath": "platform-fc880000.usb-usb-0:1:1.0-video-index0", "K": [[1125.2960455149396, 0.0, 639.8079986610433], [0.0, 1126.8332607272946, 349.65385262725835], [0.0, 0.0, 1.0]], "dist": [[0.1407407129331306, -1.1454918693203018, -0.007464619606037879, -0.0016459244650850436, 2.0946086606748797]], "r": [[[-0.05668128278166809], [-0.20496179439389858], [-0.034424421596809605]], [[0.024072406693082596], [0.0426960930769097], [1.5371074884971327]], [[-0.018768974422233034], [-0.23302891618051672], [0.020854712847857455]], [[-0.04189830130952631], [-0.14023524887212244], [0.03632072522406985]], [[-0.04122817136534622], [-0.21240682605895117], [-0.007509503203411639]], [[0.010644992923614137], [-0.4016470731156274], [-0.001360515950194828]], [[0.04301516619360779], [-0.35264640932945923], [-0.037547640702216195]], [[-0.054538258611543586], [-0.809594151845516], [-0.06589922644522785]], [[-0.06941567126914604], [-0.8520863830691495], [-0.08984275426288818]], [[-0.026411122327735247], [-0.926867076476286], [-0.0847065947683245]], [[-0.05767382952450847], [-0.7735541245777217], [0.020890626969741467]], [[0.716882042835271], [-0.29687378736765524], [0.09978945150210283]], [[0.46688405841355207], [-0.6919819486542242], [1.4944965875949272]], [[0.5304274102560944], [-0.2535792277649], [0.08242685465175122]], [[-0.15776777751324575], [-0.9762794801243427], [1.3990262666284166]], [[-0.19864836263915003], [-0.7886957972780712], [1.381612490967433]], [[-0.1978975120462818], [-0.8237188074976873], [1.3861343361527896]], [[-0.5253562149642765], [-0.5929647161257109], [1.3290421731383057]], [[0.629118879601003], [0.3637247675285311], [0.032910265490049585]], [[0.3853644016176327], [-0.8079325639346898], [1.4932573792521255]]], "t": [[[-4.572764870809356], [-1.5094349363155195], [13.717501961109818]], [[-0.7152070538433839], [-1.739605022331511], [13.706165117346256]], [[1.5486998217749124], [-1.2803044303908246], [14.467193191254736]], [[1.7935396205813066], [-1.2107256118814929], [14.982291554107118]], [[2.2358087497847974], [-3.1288582035847656], [14.409559074632865]], [[-2.6371410317538624], [-3.014295762892917], [12.326538008124556]], [[-5.0700796033045465], [-2.318087569153347], [11.276933434962652]], [[-5.129517664384043], [-1.9679622593322639], [11.707010951722676]], [[-3.655513062301822], [-2.318127508557072], [11.848301503308633]], [[-0.1517770184552442], [-2.010275773587841], [11.192120585082819]], [[4.276322846773728], [-2.0767587300959787], [12.654828898697362]], [[-4.123659963318492], [-1.7649429039974434], [8.27619120383377]], [[0.687215334498061], [0.6802921592211894], [12.109755029271732]], [[1.9643071467868929], [-0.0879581644480505], [13.578111622202359]], [[1.172677590988856], [-2.1976882314074357], [12.926369455790063]], [[7.144349116150087], [-1.848233613157277], [17.147573234626105]], [[7.266461210827547], [-1.760755638144185], [17.15539959620542]], [[3.2197258442895778], [-2.8997739677781325], [14.842560778961804]], [[-0.7057205523088319], [-1.8027488085159], [12.71380417970706]], [[3.232246785631995], [-1.163435985344694], [7.530547438002324]]], "reproj": 0.07380154089956359}