{"camPath": "platform-fc800000.usb-usb-0:1:1.0-video-index0", "K": [[938.2761424036294, 0.0, 799.719742525958], [0.0, 937.7424643059869, 598.2242521656406], [0.0, 0.0, 1.0]], "dist": [[0.028070002196027233, 0.08425945328488567, 0.05209482114747648, -0.03366447860799145, -0.11607721090851447, -0.01611879707036758, -0.00459138135498314, 0.09785016588282104, 0.03803141474740179, -0.013165740056824164, -0.04712645485995572, -0.021136343865454175, -0.15634498335300162, -0.06049650977198422]], "r": [[[-0.569932018697606], [-0.24632537065367954], [0.09835842642511197]], [[-0.5846133095562505], [-0.2652643881181337], [0.10237927087374112]]], "t": [[[-1.0444646177118138], [-0.9103589300564983], [13.65461628873]], [[-1.0516056322181118], [-0.8664287396464287], [13.786256125349313]]], "reproj": 0.025781323488278128, "resolution": [1600, 1200]}