{"camPath": "platform-fc880000.usb-usb-0:1:1.0-video-index0", "K": [[495.17463558751723, 0.0, 329.78837028521986], [0.0, 495.407585177726, 223.5117973033617], [0.0, 0.0, 1.0]], "dist": [[0.05981700678262932, -0.20100095796647818, -0.002241750260023727, -0.0015897588026186351, 0.13114923895631628]], "r": [[[0.02945809156873381], [0.11505674320074423], [1.551786511228063]]], "t": [[[3.419167826618453], [-1.8466443134480532], [11.007245425246722]]], "reproj": 0.02533393832261033}