{"camPath": 0, "K": [[139.37331779189947, 0.0, 324.9870647915912], [0.0, 139.5485515403915, 238.99139507981286], [0.0, 0.0, 1.0]], "dist": [[0.004594024400300076, -0.00156867592109226, -0.00033872562131966884, -0.00029718242579118747, 0.00011689249168094626]], "r": [[[-0.014856409808292042], [-0.010114849989069427], [1.4834839288746902]]], "t": [[[2.1294213841607146], [-2.198428413815848], [2.8674222959095976]]], "reproj": 0.025376948628363264}