{"camPath": "platform-fc800000.usb-usb-0:1:1.0-video-index0", "K": [[699.9323262591395, 0.0, 310.66030794328356], [0.0, 699.7331610369569, 257.0039414902104], [0.0, 0.0, 1.0]], "dist": [[0.04212970239219546, -0.010648638945116426, 0.004953713481959377, 0.0015084863315233683, -1.6055830888941682]], "r": [[[0.37933610764683734], [0.17266879670602217], [1.5603775315669666]]], "t": [[[1.6798875649523763], [-4.95411997729799], [14.2396595666265]]], "reproj": 0.02958327090817576}
