{"camPath": 1, "K": [[455.6824954676221, 0.0, 321.2141553662884], [0.0, 451.36684293716803, 225.6671588237951], [0.0, 0.0, 1.0]], "dist": [[0.0777083998175422, -0.2614482977392446, -0.001309543267042552, 0.0021133605011002844, 0.1579965174658257]], "r": [[[0.1373975633732936], [0.027288297789246616], [0.002970016504229392]]], "t": [[[-3.515095186060037], [-3.633044990014858], [8.792909695541676]]], "reproj": 0.023167233208238068}