{"camPath": "platform-fc800000.usb-usb-0:1:1.0-video-index0", "K": [[943.3474067747729, 0.0, 800.2301892346183], [0.0, 939.1929041072833, 599.8913501362923], [0.0, 0.0, 1.0]], "dist": [[0.0217829673492072, -0.8277271248718382, 0.008401371637984139, 0.021940903820470273, -4.6567880790682254, -0.044294871195697444, 0.16087218044366483, -12.47839732540481, -0.02805761198555652, 0.006691345062420887, -0.00610589943974095, -0.015907293713554278, -0.05758562566110757, 0.03854364125357802]], "r": [[[-0.215231065824309], [0.5312872981968283], [1.2404276744425256]], [[-0.2396590764347624], [0.49299591104259555], [1.2006166693045208]]], "t": [[[2.0711307369727048], [-2.2717341084242344], [20.226204007435236]], [[1.972024968291049], [-2.281049601592484], [19.838888593152973]]], "reproj": 0.016243546809113142, "resolution": [1600, 1200]}