{"camPath": "platform-fc800000.usb-usb-0:1:1.0-video-index0", "K": [[652.2413245674545, 0.0, 320.1681721491049], [0.0, 662.7488725285242, 238.503827426734], [0.0, 0.0, 1.0]], "dist": [[0.019889171285544953, 0.28084078200058277, 0.011307077924049148, -0.05506265778300677, -5.778373516783921, -0.02322776008858135, -0.396453232356085, 3.799817891831927, 0.04001347217454527, 0.016523105443021418, -0.009479384005965985, 0.04778243498639779, -0.021570102913183602, -0.1234826171655912]], "r": [[[-0.4609578858123666], [-0.5238772190892192], [-0.062079854597638276]]], "t": [[[-3.208293954763763], [-2.3149553903102422], [14.593697184748265]]], "reproj": 0.021753023839549204, "resolution": [640, 480]}