{"camPath": "platform-fc800000.usb-usb-0:1:1.0-video-index0", "K": [[1175.4888143438409, 0.0, 687.7737906584543], [0.0, 1181.177178366222, 373.5318810519302], [0.0, 0.0, 1.0]], "dist": [[-0.16011138005147732, -0.5762826220191805, 0.09091658588099824, 0.05724509067407264, 15.503085249556662, -0.35295654573197516, 0.9520893558449447, 12.469872432308325, -0.054749752758466726, -0.042596355629186816, -0.09193311257616353, 0.009425707763011633, -0.1704431328418505, 0.08490444278303179]], "r": [[[-0.23748832833356764], [0.39886434707196855], [1.3093888114827665]], [[-0.2731375737584225], [0.43862040309623107], [1.3373283390933113]]], "t": [[[-0.06524419336854112], [-4.193587752830091], [14.473822356344796]], [[1.4490489252009824], [-3.2334801851662296], [14.84943319376363]]], "reproj": 0.0351626270130804, "resolution": [1280, 720]}