{
  "K": [
    [
      675.0065769614114,
      0.0,
      316.53374156315397
    ],
    [
      0.0,
      676.4953422983673,
      242.40146666325884
    ],
    [
      0.0,
      0.0,
      1.0
    ]
  ],
  "D": [
    [
      0.22933711360606301,
      -1.9397452777275932,
      -0.0025522316138533547,
      0.003547585544952464,
      4.343927778647844
    ]
  ]
}