{"camPath": "pci-0000:04:00.0-usbv2-0:1:1.0-video-index0", "K": [[656.1856005526189, 0.0, 321.85817725223956], [0.0, 655.6994376504459, 235.5747848542091], [0.0, 0.0, 1.0]], "dist": [[-0.29852223508251313, 1.4754665011727592, -0.009563098816109561, -0.00485193739229409, -3.156328679504834]], "r": [[[0.0091850663591439], [-0.16458742280974087], [0.10596865090181425]], [[0.02291130875628267], [-0.1800973731157799], [0.14053336891998705]], [[0.0033859263985621686], [-0.15926051143724249], [0.1408078364480255]], [[0.04026397043591864], [-0.1957159003162158], [0.1439223443238011]], [[0.041828953117517415], [-0.15515847901897303], [0.08621015896413137]], [[-0.021035621166883144], [-0.23963602781187585], [0.1748348106453727]], [[-0.06621674406237962], [-0.21106032043780573], [0.16775074100491413]], [[-0.1268810469996235], [-0.2537642071194761], [0.19877435254031453]], [[-0.07304903222912222], [-0.1976866344032983], [0.1928948435579642]], [[-0.06107513235463447], [-0.11662185654336191], [0.10094207935108665]], [[-0.052582124312374426], [-0.17141325426984805], [0.14145643832996516]]], "t": [[[-7.893250488769408], [-4.377568146235428], [20.295931870037244]], [[-0.9190756278153096], [-3.889518315740037], [20.606991892360742]], [[-2.033067806431466], [-6.89110747280921], [21.59624568420128]], [[-1.1748123037020737], [0.7424278122031506], [21.01249456675775]], [[-7.115499405142386], [-0.7473336971800479], [21.51330975019405]], [[1.7562534911308585], [-1.290191855684145], [27.675823374751626]], [[0.8746601982598912], [-6.650946523955117], [30.71307755291948]], [[-2.001697469695656], [-2.736809819296969], [42.130253328338355]], [[0.04728176037804354], [-5.694427343294557], [31.15166825054025]], [[-8.65288679316973], [-2.0949299243612605], [31.83388674849679]], [[-5.282286681322387], [-1.4513590452967347], [34.737425799573785]]], "reproj": 0.03195769228306505, "resolution": [640, 480]}